timestamp,task,status,execution_time
2024-12-27 09:27:50.267365,Extract,Success,2.914936065673828
2024-12-27 09:28:12.772774,Load,Success,21.73294711112976
2024-12-27 09:28:12.907481,Transform,Failed,0.0
2024-12-27 09:34:59.667355,Extract,Success,2.5968358516693115
2024-12-27 09:35:21.797375,Load,Success,21.348926782608032
2024-12-27 09:35:22.287582,Transform,Failed,0.0
2024-12-27 09:38:06.711286,Extract,Success,2.3802847862243652
2024-12-27 09:38:28.284401,Load,Success,20.716527223587036
2024-12-27 09:38:28.779315,Transform,Failed,0.0
2024-12-27 09:43:45.060613,Extract,Success,2.4405250549316406
2024-12-27 09:44:07.326184,Load,Success,21.493065357208252
2024-12-27 09:44:07.879986,Transform,Failed,0.0
2024-12-27 09:54:00.150362,Extract,Success,2.386376142501831
2024-12-27 09:54:22.616664,Load,Success,21.660170078277588
2024-12-27 09:54:23.038538,Transform,Failed,0.0
2024-12-27 09:58:12.362593,Extract,Success,2.4155139923095703
2024-12-27 09:58:33.812666,Load,Success,20.66010022163391
2024-12-27 09:58:34.327023,Transform,Failed,0.0
2024-12-27 10:08:48.188384,Extract,Success,2.3571150302886963
2024-12-27 10:09:09.346961,Load,Success,20.32095718383789
2024-12-27 10:09:09.823077,Transform,Failed,0.0
2024-12-27 10:10:33.517020,Extract,Success,2.432297945022583
2024-12-27 10:10:54.544936,Load,Success,20.242372035980225
2024-12-27 10:10:55.111100,Transform,Failed,0.0
2024-12-27 10:14:09.021676,Extract,Success,2.6904549598693848
2024-12-27 10:14:24.952238,Load,Failed,0.0
2024-12-27 11:14:19.877506,Extract,Success,2.4007790088653564
2024-12-27 11:14:36.704537,Load,Failed,0.0
2024-12-27 11:16:08.370523,Extract,Success,2.4562158584594727
2024-12-27 11:16:24.351554,Load,Failed,0.0
2024-12-27 11:36:47.575080,Extract,Success,2.621584892272949
2024-12-27 11:37:10.443213,Load,Success,21.901921033859253
2024-12-27 11:37:11.155711,Transform,Failed,0.0
2024-12-27 13:20:46.089198,Extract,Success,2.587862968444824
2024-12-27 13:21:08.625976,Load,Success,21.754267930984497
2024-12-27 13:21:09.515043,Transform,Failed,0.0
2024-12-27 13:22:38.817981,Extract,Success,2.384310007095337
2024-12-27 13:22:55.281652,Load,Failed,0.0
2024-12-27 13:44:55.446950,Extract,Success,2.3816819190979004
2024-12-27 13:45:13.072965,Load,Failed,0.0
2024-12-27 14:42:21.822424,Extract,Success,2.637533903121948
2024-12-27 14:42:43.226837,Load,Success,20.65351104736328
2024-12-27 14:42:43.378052,Transform,Failed,0.0
2024-12-27 22:09:43.717380,Extract,Success,2.6029770374298096
2024-12-27 22:10:08.192112,Load,Success,23.714825868606567
2024-12-27 22:10:08.322787,Transform,Failed,0.0
2024-12-27 22:41:15.358043,Extract,Success,2.6715328693389893
2024-12-27 22:41:37.477099,Load,Success,21.29930591583252
2024-12-27 22:41:38.467749,Transform,Failed,0.0
2024-12-27 22:48:43.254702,Extract,Success,2.72536301612854
2024-12-27 22:49:00.316788,Load,Failed,0.0
2024-12-27 23:27:51.779049,Extract,Success,2.931528806686402
2024-12-27 23:28:09.489161,Load,Failed,0.0
2024-12-27 23:29:49.400359,Extract,Success,2.549015998840332
2024-12-27 23:30:07.225978,Load,Failed,0.0
2024-12-28 10:15:54.742147,Extract,Success,2.679331064224243
2024-12-28 10:16:11.543049,Load,Failed,0.0
2024-12-28 10:20:27.116945,Extract,Success,2.4584057331085205
2024-12-28 10:20:43.642945,Load,Failed,0.0
2024-12-28 10:22:16.930955,Extract,Success,2.709088087081909
2024-12-28 10:22:39.001758,Load,Success,21.273863792419434
2024-12-28 10:22:39.676023,Transform,Failed,0.0
2024-12-28 10:24:19.095320,Extract,Success,2.4404830932617188
2024-12-28 10:24:41.489592,Load,Success,21.620190858840942
2024-12-28 10:24:42.595882,Transform,Failed,0.0
2024-12-28 10:41:53.947505,Extract,Success,2.674215078353882
2024-12-28 10:42:11.386871,Load,Failed,0.0
2024-12-28 10:50:37.045145,Extract,Success,2.487354040145874
2024-12-28 10:50:53.766786,Load,Failed,0.0
2024-12-28 10:52:59.128296,Extract,Success,2.569011926651001
2024-12-28 10:53:20.842320,Load,Success,20.9589900970459
2024-12-28 10:53:23.586444,Transform,Failed,0.0
2024-12-28 11:05:50.384206,Extract,Success,2.4293720722198486
2024-12-28 11:11:28.898530,Load,Failed,0.0
2024-12-28 11:12:26.489805,Extract,Success,2.653700113296509
2024-12-28 11:18:03.652407,Load,Failed,0.0
2024-12-28 11:21:59.994850,Extract,Success,2.453749179840088
2024-12-28 11:22:22.989857,Load,Success,22.244941234588623
2024-12-28 11:22:26.362436,Transform,Failed,0.0
2024-12-28 14:28:14.116667,Extract,Success,2.6875016689300537
2024-12-28 14:28:37.742315,Load,Success,22.85866379737854
2024-12-28 14:28:41.946683,Transform,Failed,0.0
2024-12-28 14:35:16.907873,Extract,Success,2.478432893753052
2024-12-28 14:47:08.187363,Load,Success,710.4821889400482
2024-12-28 14:47:08.585188,Transform,Failed,0.0
2024-12-28 23:46:07.695233,Extract,Success,2.730536937713623
2024-12-29 00:43:50.499609,Load,Success,3461.9951338768005
2024-12-29 00:43:50.649788,Transform,Failed,0.0
2024-12-29 09:28:41.948299,Extract,Success,2.770885705947876
2024-12-29 09:29:04.749707,Load,Success,22.016332149505615
2024-12-29 09:29:05.818104,Transform,Failed,0.0
2024-12-29 09:32:30.699877,Extract,Success,2.6342692375183105
2024-12-29 09:32:54.227045,Load,Success,22.767320156097412
2024-12-29 09:33:48.420005,Transform,Failed,0.0
2024-12-29 09:37:32.161074,Extract,Success,2.5450639724731445
2024-12-29 10:00:34.787885,Load,Success,1381.805675983429
2024-12-29 10:00:35.516127,Transform,Failed,0.0
2024-12-29 10:08:17.763126,Extract,Success,2.5289111137390137
2024-12-29 10:08:39.731810,Load,Success,21.188082933425903
2024-12-29 10:08:43.297836,Transform,Failed,0.0
2024-12-29 10:11:21.859005,Extract,Success,2.417890787124634
2024-12-29 10:34:42.865126,Load,Success,1400.2361891269684
2024-12-29 10:34:43.775604,Transform,Failed,0.0
2024-12-29 10:39:55.534433,Extract,Success,2.490888833999634
2024-12-29 10:40:17.405555,Load,Success,21.121633052825928
2024-12-29 10:40:21.171808,Transform,Failed,0.0
2024-12-29 10:52:45.691070,Extract,Success,2.531049966812134
2024-12-29 11:15:21.076587,Load,Success,1354.5531079769137
2024-12-29 11:15:21.666704,Transform,Failed,0.0
2024-12-29 11:16:52.498263,Extract,Success,2.5962979793548584
2024-12-29 11:17:14.628900,Load,Success,21.33775806427002
2024-12-29 11:17:18.080477,Transform,Success,3.3816051483154297
2024-12-30 00:40:23.236935,Extract,Success,3.6282899379730225
2024-12-30 01:04:29.242005,Load,Success,1445.1309299468994
2024-12-30 01:04:30.817016,Transform,Failed,0.0
2024-12-30 01:06:56.312130,Extract,Success,2.6225719451904297
2024-12-30 01:07:20.546277,Load,Success,23.392860889434814
2024-12-30 01:07:24.351183,Transform,Success,3.7289652824401855
2024-12-30 01:34:55.993918,Extract,Success,3.357297897338867
2024-12-30 01:54:40.403749,Extract,Success,3.063117027282715
2024-12-30 01:55:06.523429,Load,Success,25.28025603294373
2024-12-30 01:55:15.162717,Transform,Failed,0.0
2024-12-30 02:08:04.989679,Extract,Success,2.6835291385650635
2024-12-30 02:08:30.672396,Load,Success,24.89093279838562
2024-12-30 02:08:39.564199,Transform,Failed,0.0
2024-12-30 02:21:10.077299,Extract,Success,2.576166868209839
2024-12-30 02:33:39.676592,Load,Success,748.7679331302643
2024-12-30 02:33:40.815397,Transform,Failed,0.0
2024-12-30 02:34:47.893623,Extract,Success,2.685595750808716
2024-12-30 02:35:11.105732,Load,Success,22.44711709022522
2024-12-30 02:35:18.387923,Transform,Failed,0.0
2024-12-30 02:36:52.095726,Extract,Success,2.458031177520752
2024-12-30 02:49:19.841789,Load,Success,746.9491858482361
2024-12-30 02:49:20.507133,Transform,Failed,0.0
2024-12-30 16:38:06.730812,Extract,Success,2.5436549186706543
2024-12-30 16:38:31.817284,Load,Success,24.27881097793579
2024-12-30 16:38:40.819962,Transform,Failed,0.0
2024-12-30 16:41:22.445747,Extract,Success,2.56375789642334
2024-12-30 16:41:44.638072,Load,Success,21.42630386352539
2024-12-30 16:41:51.289963,Transform,Failed,0.0
2024-12-30 16:46:32.730234,Extract,Success,2.9340360164642334
2024-12-30 16:46:54.835799,Load,Success,21.30917000770569
2024-12-30 16:47:01.401031,Transform,Failed,0.0
2024-12-30 16:48:44.754562,Extract,Success,2.4060840606689453
2024-12-30 17:01:12.659933,Load,Success,747.1311550140381
2024-12-30 17:01:13.238675,Transform,Failed,0.0
2024-12-30 17:02:02.401763,Extract,Success,2.5107550621032715
2024-12-30 17:02:25.157665,Load,Success,21.99665904045105
2024-12-30 17:02:32.696091,Transform,Failed,0.0
2024-12-30 21:04:03.664731,Extract,Success,2.7457351684570312
2024-12-30 21:04:27.386717,Load,Success,22.96098804473877
2024-12-30 21:04:34.363233,Transform,Failed,0.0
2024-12-30 21:06:31.070981,Extract,Success,2.5753581523895264
2024-12-30 21:07:44.695653,Extract,Success,2.543957233428955
2024-12-30 22:10:53.280410,Extract,Success,2.638643980026245
2024-12-30 22:11:17.396104,Load,Success,23.35369324684143
2024-12-30 22:11:18.451445,Transform,Failed,0.0
2024-12-30 22:15:05.281775,Extract,Success,2.5024969577789307
2024-12-30 22:15:29.949151,Load,Success,23.833718061447144
2024-12-30 22:16:28.371141,Transform,Failed,0.0
2024-12-30 22:19:12.132881,Extract,Success,2.439701795578003
2024-12-30 22:31:51.175063,Load,Success,758.2579891681671
2024-12-30 22:31:51.774460,Transform,Failed,0.0
2024-12-30 22:40:32.181708,Extract,Success,2.436128854751587
2024-12-30 22:53:06.964371,Load,Success,753.9775729179382
2024-12-30 22:53:14.011578,Transform,Failed,0.0
2024-12-30 23:25:25.915055,Extract,Success,2.8514370918273926
2024-12-30 23:40:18.552615,Load,Success,891.722892999649
2024-12-30 23:40:29.811105,Transform,Success,11.16882300376892
